{
	"$schema": "https://playground.wordpress.net/blueprint-schema.json",
	"landingPage": "/wp-admin/post.php?post=5&action=edit",
	"preferredVersions": {
		"php": "8.0",
		"wp": "6.4"
	},
	"steps": [
		{
			"step": "installTheme",
			"themeZipFile": {
				"resource": "url",
				"url": "https://raw.githubusercontent.com/WordPress/block-theme-examples/master/_zips/example-block-style-js.zip"
			},
			"options": {
				"activate": true
			}
		},
		{
			"step": "login",
			"username": "admin",
			"password": "password"
		},
		{
			"step": "runPHP",
			"code": "<?php require '/wordpress/wp-load.php'; $wpdb->query('delete from wp_posts');"
		},
		{
			"step": "importFile",
			"file": {
				"resource": "url",
				"url": "https://raw.githubusercontent.com/WordPress/block-theme-examples/master/example-block-style-js/_playground/export.xml"
			}
		}
	]
}
